asset,type,capacity,capacity_storage_energy,is_seasonal,consumer_balance_sense,discount_rate,economic_lifetime,energy_to_power_ratio,investment_group,investment_integer,investment_integer_storage_energy,investment_method,max_ramp_down,max_ramp_up,min_operating_point,ramping,storage_method_energy,technical_lifetime,unit_commitment,unit_commitment_integer,unit_commitment_method,use_binary_storage_method
AT_Battery,storage,0.304,0.912,false,==,0.0,1,0.0,,false,false,none,0.0,0.0,0.0,false,false,1,false,false,,
AT_E_Demand,consumer,0.0,0.0,false,==,0.0,1,0.0,,false,false,none,0.0,0.0,0.0,false,false,1,false,false,,
AT_E_ENS,producer,18.9402772,0.0,false,==,0.0,1,0.0,,false,false,none,0.0,0.0,0.0,false,false,1,false,false,,
AT_Gas,producer,3.26,0.0,false,==,0.0,1,0.0,,false,false,none,0.0,0.0,0.0,false,false,1,false,false,,
AT_H_Demand,consumer,0.0,0.0,false,==,0.0,1,0.0,,false,false,none,0.0,0.0,0.0,false,false,1,false,false,,
AT_Hydro,producer,8.137,0.0,false,==,0.0,1,0.0,,false,false,none,0.0,0.0,0.0,false,false,1,false,false,,
AT_Hydro_Reservoir,storage,2.489,757.0,true,==,0.0,1,0.0,,false,false,none,0.0,0.0,0.0,false,false,1,false,false,,
AT_Pump_Hydro_Closed,storage,0.3,1.8,true,==,0.0,1,0.0,,false,false,none,0.0,0.0,0.0,false,false,1,false,false,,
AT_Pump_Hydro_Open,storage,5.793,1732.6,true,==,0.0,1,0.0,,false,false,none,0.0,0.0,0.0,false,false,1,false,false,,
AT_Solar,producer,53.129,0.0,false,==,0.0,1,0.0,,false,false,none,0.0,0.0,0.0,false,false,1,false,false,,
AT_Wind_Onshore,producer,41.145,0.0,false,==,0.0,1,0.0,,false,false,none,0.0,0.0,0.0,false,false,1,false,false,,
AT_electrolyzer,conversion,5.730593607,0.0,false,==,0.0,1,0.0,,false,false,none,0.0,0.0,0.0,false,false,1,false,false,,
BE_Battery,storage,1.13,3.39,false,==,0.0,1,0.0,,false,false,none,0.0,0.0,0.0,false,false,1,false,false,,
BE_E_Demand,consumer,0.0,0.0,false,==,0.0,1,0.0,,false,false,none,0.0,0.0,0.0,false,false,1,false,false,,
BE_E_ENS,producer,23.58292406,0.0,false,==,0.0,1,0.0,,false,false,none,0.0,0.0,0.0,false,false,1,false,false,,
BE_Gas,producer,8.868,0.0,false,==,0.0,1,0.0,,false,false,none,0.0,0.0,0.0,false,false,1,false,false,,
BE_H_Demand,consumer,0.0,0.0,false,==,0.0,1,0.0,,false,false,none,0.0,0.0,0.0,false,false,1,false,false,,
BE_Hydro,producer,0.165,0.0,false,==,0.0,1,0.0,,false,false,none,0.0,0.0,0.0,false,false,1,false,false,,
BE_OCGT,producer,0.244,0.0,false,==,0.0,1,0.0,,false,false,none,0.0,0.0,0.0,false,false,1,false,false,,
BE_Solar,producer,55.0,0.0,false,==,0.0,1,0.0,,false,false,none,0.0,0.0,0.0,false,false,1,false,false,,
BE_Wind_Offshore,producer,10.96,0.0,false,==,0.0,1,0.0,,false,false,none,0.0,0.0,0.0,false,false,1,false,false,,
BE_Wind_Onshore,producer,10.0,0.0,false,==,0.0,1,0.0,,false,false,none,0.0,0.0,0.0,false,false,1,false,false,,
BE_electrolyzer,conversion,11.11872146,0.0,false,==,0.0,1,0.0,,false,false,none,0.0,0.0,0.0,false,false,1,false,false,,
BG_Battery,storage,4.923,14.769,false,==,0.0,1,0.0,,false,false,none,0.0,0.0,0.0,false,false,1,false,false,,
BG_Coal,producer,1.004,0.0,false,==,0.0,1,0.0,,false,false,none,0.0,0.0,0.0,false,false,1,false,false,,
BG_E_Demand,consumer,0.0,0.0,false,==,0.0,1,0.0,,false,false,none,0.0,0.0,0.0,false,false,1,false,false,,
BG_E_ENS,producer,6.7924289,0.0,false,==,0.0,1,0.0,,false,false,none,0.0,0.0,0.0,false,false,1,false,false,,
BG_Gas,producer,2.315,0.0,false,==,0.0,1,0.0,,false,false,none,0.0,0.0,0.0,false,false,1,false,false,,
BG_H_Demand,consumer,0.0,0.0,false,==,0.0,1,0.0,,false,false,none,0.0,0.0,0.0,false,false,1,false,false,,
BG_Hydro,producer,1.817,0.0,false,==,0.0,1,0.0,,false,false,none,0.0,0.0,0.0,false,false,1,false,false,,
BG_Hydro_Reservoir,storage,1.281,843.0,true,==,0.0,1,0.0,,false,false,none,0.0,0.0,0.0,false,false,1,false,false,,
BG_Nuclear,producer,2.0,0.0,false,==,0.0,1,0.0,,false,false,none,0.0,0.0,0.0,false,false,1,false,false,,
BG_OCGT,producer,0.02,0.0,false,==,0.0,1,0.0,,false,false,none,0.0,0.0,0.0,false,false,1,false,false,,
BG_Pump_Hydro_Closed,storage,0.864,9.4,true,==,0.0,1,0.0,,false,false,none,0.0,0.0,0.0,false,false,1,false,false,,
BG_Pump_Hydro_Open,storage,0.535,255.3,true,==,0.0,1,0.0,,false,false,none,0.0,0.0,0.0,false,false,1,false,false,,
BG_Solar,producer,9.11,0.0,false,==,0.0,1,0.0,,false,false,none,0.0,0.0,0.0,false,false,1,false,false,,
BG_Wind_Onshore,producer,9.0,0.0,false,==,0.0,1,0.0,,false,false,none,0.0,0.0,0.0,false,false,1,false,false,,
BG_electrolyzer,conversion,1.51826484,0.0,false,==,0.0,1,0.0,,false,false,none,0.0,0.0,0.0,false,false,1,false,false,,
CH_Battery,storage,5.05,15.15,false,==,0.0,1,0.0,,false,false,none,0.0,0.0,0.0,false,false,1,false,false,,
CH_E_Demand,consumer,0.0,0.0,false,==,0.0,1,0.0,,false,false,none,0.0,0.0,0.0,false,false,1,false,false,,
CH_E_ENS,producer,12.73508856,0.0,false,==,0.0,1,0.0,,false,false,none,0.0,0.0,0.0,false,false,1,false,false,,
CH_H_Demand,consumer,0.0,0.0,false,==,0.0,1,0.0,,false,false,none,0.0,0.0,0.0,false,false,1,false,false,,
CH_Hydro,producer,13.775,0.0,false,==,0.0,1,0.0,,false,false,none,0.0,0.0,0.0,false,false,1,false,false,,
CH_Nuclear,producer,0.0,0.0,false,==,0.0,1,0.0,,false,false,none,0.0,0.0,0.0,false,false,1,false,false,,
CH_Pump_Hydro_Closed,storage,2.17,70.0,true,==,0.0,1,0.0,,false,false,none,0.0,0.0,0.0,false,false,1,false,false,,
CH_Pump_Hydro_Open,storage,10.732,8800.0,true,==,0.0,1,0.0,,false,false,none,0.0,0.0,0.0,false,false,1,false,false,,
CH_Solar,producer,13.312,0.0,false,==,0.0,1,0.0,,false,false,none,0.0,0.0,0.0,false,false,1,false,false,,
CH_Wind_Onshore,producer,2.223,0.0,false,==,0.0,1,0.0,,false,false,none,0.0,0.0,0.0,false,false,1,false,false,,
CH_electrolyzer,conversion,3.820526568,0.0,false,==,0.0,1,0.0,,false,false,none,0.0,0.0,0.0,false,false,1,false,false,,
CY_Battery,storage,3.076,9.228,false,==,0.0,1,0.0,,false,false,none,0.0,0.0,0.0,false,false,1,false,false,,
CY_E_Demand,consumer,0.0,0.0,false,==,0.0,1,0.0,,false,false,none,0.0,0.0,0.0,false,false,1,false,false,,
CY_E_ENS,producer,1.269453,0.0,false,==,0.0,1,0.0,,false,false,none,0.0,0.0,0.0,false,false,1,false,false,,
CY_Gas,producer,0.524,0.0,false,==,0.0,1,0.0,,false,false,none,0.0,0.0,0.0,false,false,1,false,false,,
CY_H_Demand,consumer,0.0,0.0,false,==,0.0,1,0.0,,false,false,none,0.0,0.0,0.0,false,false,1,false,false,,
CY_Solar,producer,2.273,0.0,false,==,0.0,1,0.0,,false,false,none,0.0,0.0,0.0,false,false,1,false,false,,
CY_Wind_Onshore,producer,0.4,0.0,false,==,0.0,1,0.0,,false,false,none,0.0,0.0,0.0,false,false,1,false,false,,
CY_electrolyzer,conversion,0.285388128,0.0,false,==,0.0,1,0.0,,false,false,none,0.0,0.0,0.0,false,false,1,false,false,,
CZ_Battery,storage,3.61,10.83,false,==,0.0,1,0.0,,false,false,none,0.0,0.0,0.0,false,false,1,false,false,,
CZ_Coal,producer,0.0,0.0,false,==,0.0,1,0.0,,false,false,none,0.0,0.0,0.0,false,false,1,false,false,,
CZ_E_Demand,consumer,0.0,0.0,false,==,0.0,1,0.0,,false,false,none,0.0,0.0,0.0,false,false,1,false,false,,
CZ_E_ENS,producer,12.3551616,0.0,false,==,0.0,1,0.0,,false,false,none,0.0,0.0,0.0,false,false,1,false,false,,
CZ_Gas,producer,2.613,0.0,false,==,0.0,1,0.0,,false,false,none,0.0,0.0,0.0,false,false,1,false,false,,
CZ_H_Demand,consumer,0.0,0.0,false,==,0.0,1,0.0,,false,false,none,0.0,0.0,0.0,false,false,1,false,false,,
CZ_Hydro,producer,0.953,0.0,false,==,0.0,1,0.0,,false,false,none,0.0,0.0,0.0,false,false,1,false,false,,
CZ_Hydro_Reservoir,storage,0.698,2.5,true,==,0.0,1,0.0,,false,false,none,0.0,0.0,0.0,false,false,1,false,false,,
CZ_Nuclear,producer,6.983,0.0,false,==,0.0,1,0.0,,false,false,none,0.0,0.0,0.0,false,false,1,false,false,,
CZ_Pump_Hydro_Closed,storage,0.688,3.7,true,==,0.0,1,0.0,,false,false,none,0.0,0.0,0.0,false,false,1,false,false,,
CZ_Pump_Hydro_Open,storage,0.47,2.3,true,==,0.0,1,0.0,,false,false,none,0.0,0.0,0.0,false,false,1,false,false,,
CZ_Solar,producer,22.485,0.0,false,==,0.0,1,0.0,,false,false,none,0.0,0.0,0.0,false,false,1,false,false,,
CZ_Wind_Onshore,producer,4.486,0.0,false,==,0.0,1,0.0,,false,false,none,0.0,0.0,0.0,false,false,1,false,false,,
CZ_electrolyzer,conversion,4.703196347,0.0,false,==,0.0,1,0.0,,false,false,none,0.0,0.0,0.0,false,false,1,false,false,,
DE_Battery,storage,111.097,333.291,false,==,0.0,1,0.0,,false,false,none,0.0,0.0,0.0,false,false,1,false,false,,
DE_Coal,producer,0.0,0.0,false,==,0.0,1,0.0,,false,false,none,0.0,0.0,0.0,false,false,1,false,false,,
DE_E_Demand,consumer,0.0,0.0,false,==,0.0,1,0.0,,false,false,none,0.0,0.0,0.0,false,false,1,false,false,,
DE_E_ENS,producer,119.0835828,0.0,false,==,0.0,1,0.0,,false,false,none,0.0,0.0,0.0,false,false,1,false,false,,
DE_Gas,producer,33.582,0.0,false,==,0.0,1,0.0,,false,false,none,0.0,0.0,0.0,false,false,1,false,false,,
DE_H_Demand,consumer,0.0,0.0,false,==,0.0,1,0.0,,false,false,none,0.0,0.0,0.0,false,false,1,false,false,,
DE_Hydro,producer,4.753,0.0,false,==,0.0,1,0.0,,false,false,none,0.0,0.0,0.0,false,false,1,false,false,,
DE_Hydro_Reservoir,storage,1.297,258.6,true,==,0.0,1,0.0,,false,false,none,0.0,0.0,0.0,false,false,1,false,false,,
DE_OCGT,producer,0.0,0.0,false,==,0.0,1,0.0,,false,false,none,0.0,0.0,0.0,false,false,1,false,false,,
DE_Pump_Hydro_Closed,storage,7.382,242.2,true,==,0.0,1,0.0,,false,false,none,0.0,0.0,0.0,false,false,1,false,false,,
DE_Pump_Hydro_Open,storage,1.644,416.7,true,==,0.0,1,0.0,,false,false,none,0.0,0.0,0.0,false,false,1,false,false,,
DE_Solar,producer,456.389,0.0,false,==,0.0,1,0.0,,false,false,none,0.0,0.0,0.0,false,false,1,false,false,,
DE_Wind_Offshore,producer,70.585,0.0,false,==,0.0,1,0.0,,false,false,none,0.0,0.0,0.0,false,false,1,false,false,,
DE_Wind_Onshore,producer,191.5,0.0,false,==,0.0,1,0.0,,false,false,none,0.0,0.0,0.0,false,false,1,false,false,,
DE_electrolyzer,conversion,68.34474886,0.0,false,==,0.0,1,0.0,,false,false,none,0.0,0.0,0.0,false,false,1,false,false,,
DK_Battery,storage,1.85,5.55,false,==,0.0,1,0.0,,false,false,none,0.0,0.0,0.0,false,false,1,false,false,,
DK_E_Demand,consumer,0.0,0.0,false,==,0.0,1,0.0,,false,false,none,0.0,0.0,0.0,false,false,1,false,false,,
DK_E_ENS,producer,5.8946533,0.0,false,==,0.0,1,0.0,,false,false,none,0.0,0.0,0.0,false,false,1,false,false,,
DK_Gas,producer,0.01,0.0,false,==,0.0,1,0.0,,false,false,none,0.0,0.0,0.0,false,false,1,false,false,,
DK_H_Demand,consumer,0.0,0.0,false,==,0.0,1,0.0,,false,false,none,0.0,0.0,0.0,false,false,1,false,false,,
DK_OCGT,producer,0.612,0.0,false,==,0.0,1,0.0,,false,false,none,0.0,0.0,0.0,false,false,1,false,false,,
DK_Solar,producer,24.446,0.0,false,==,0.0,1,0.0,,false,false,none,0.0,0.0,0.0,false,false,1,false,false,,
DK_Wind_Offshore,producer,44.191,0.0,false,==,0.0,1,0.0,,false,false,none,0.0,0.0,0.0,false,false,1,false,false,,
DK_Wind_Onshore,producer,11.393,0.0,false,==,0.0,1,0.0,,false,false,none,0.0,0.0,0.0,false,false,1,false,false,,
DK_electrolyzer,conversion,2.305936073,0.0,false,==,0.0,1,0.0,,false,false,none,0.0,0.0,0.0,false,false,1,false,false,,
EE_E_Demand,consumer,0.0,0.0,false,==,0.0,1,0.0,,false,false,none,0.0,0.0,0.0,false,false,1,false,false,,
EE_E_ENS,producer,2.4936576,0.0,false,==,0.0,1,0.0,,false,false,none,0.0,0.0,0.0,false,false,1,false,false,,
EE_H_Demand,consumer,0.0,0.0,false,==,0.0,1,0.0,,false,false,none,0.0,0.0,0.0,false,false,1,false,false,,
EE_Solar,producer,3.52,0.0,false,==,0.0,1,0.0,,false,false,none,0.0,0.0,0.0,false,false,1,false,false,,
EE_Wind_Offshore,producer,6.999,0.0,false,==,0.0,1,0.0,,false,false,none,0.0,0.0,0.0,false,false,1,false,false,,
EE_Wind_Onshore,producer,0.861,0.0,false,==,0.0,1,0.0,,false,false,none,0.0,0.0,0.0,false,false,1,false,false,,
EE_electrolyzer,conversion,0.194063927,0.0,false,==,0.0,1,0.0,,false,false,none,0.0,0.0,0.0,false,false,1,false,false,,
ES_Battery,storage,32.0,96.0,false,==,0.0,1,0.0,,false,false,none,0.0,0.0,0.0,false,false,1,false,false,,
ES_E_Demand,consumer,0.0,0.0,false,==,0.0,1,0.0,,false,false,none,0.0,0.0,0.0,false,false,1,false,false,,
ES_E_ENS,producer,47.84908992,0.0,false,==,0.0,1,0.0,,false,false,none,0.0,0.0,0.0,false,false,1,false,false,,
ES_Gas,producer,14.92,0.0,false,==,0.0,1,0.0,,false,false,none,0.0,0.0,0.0,false,false,1,false,false,,
ES_H_Demand,consumer,0.0,0.0,false,==,0.0,1,0.0,,false,false,none,0.0,0.0,0.0,false,false,1,false,false,,
ES_Hydro,producer,14.839,0.0,false,==,0.0,1,0.0,,false,false,none,0.0,0.0,0.0,false,false,1,false,false,,
ES_Hydro_Reservoir,storage,10.972,11648.5,true,==,0.0,1,0.0,,false,false,none,0.0,0.0,0.0,false,false,1,false,false,,
ES_Nuclear,producer,0.0,0.0,false,==,0.0,1,0.0,,false,false,none,0.0,0.0,0.0,false,false,1,false,false,,
ES_Pump_Hydro_Closed,storage,6.866,99.0,true,==,0.0,1,0.0,,false,false,none,0.0,0.0,0.0,false,false,1,false,false,,
ES_Pump_Hydro_Open,storage,2.683,5961.9,true,==,0.0,1,0.0,,false,false,none,0.0,0.0,0.0,false,false,1,false,false,,
ES_Solar,producer,148.297,0.0,false,==,0.0,1,0.0,,false,false,none,0.0,0.0,0.0,false,false,1,false,false,,
ES_Wind_Offshore,producer,5.711,0.0,false,==,0.0,1,0.0,,false,false,none,0.0,0.0,0.0,false,false,1,false,false,,
ES_Wind_Onshore,producer,99.549,0.0,false,==,0.0,1,0.0,,false,false,none,0.0,0.0,0.0,false,false,1,false,false,,
ES_electrolyzer,conversion,20.97031963,0.0,false,==,0.0,1,0.0,,false,false,none,0.0,0.0,0.0,false,false,1,false,false,,
EU_SMR_CCS,producer,1000.0,0.0,false,==,0.0,1,0.0,,false,false,none,0.0,0.0,0.0,false,false,1,false,false,,
FI_Battery,storage,5.887,17.661,false,==,0.0,1,0.0,,false,false,none,0.0,0.0,0.0,false,false,1,false,false,,
FI_E_Demand,consumer,0.0,0.0,false,==,0.0,1,0.0,,false,false,none,0.0,0.0,0.0,false,false,1,false,false,,
FI_E_ENS,producer,20.2000318,0.0,false,==,0.0,1,0.0,,false,false,none,0.0,0.0,0.0,false,false,1,false,false,,
FI_Gas,producer,0.234,0.0,false,==,0.0,1,0.0,,false,false,none,0.0,0.0,0.0,false,false,1,false,false,,
FI_H_Demand,consumer,0.0,0.0,false,==,0.0,1,0.0,,false,false,none,0.0,0.0,0.0,false,false,1,false,false,,
FI_Hydro_Reservoir,storage,3.237,5530.0,true,==,0.0,1,0.0,,false,false,none,0.0,0.0,0.0,false,false,1,false,false,,
FI_Nuclear,producer,10.0,0.0,false,==,0.0,1,0.0,,false,false,none,0.0,0.0,0.0,false,false,1,false,false,,
FI_OCGT,producer,0.087,0.0,false,==,0.0,1,0.0,,false,false,none,0.0,0.0,0.0,false,false,1,false,false,,
FI_Solar,producer,47.767,0.0,false,==,0.0,1,0.0,,false,false,none,0.0,0.0,0.0,false,false,1,false,false,,
FI_Wind_Offshore,producer,12.0,0.0,false,==,0.0,1,0.0,,false,false,none,0.0,0.0,0.0,false,false,1,false,false,,
FI_Wind_Onshore,producer,87.909,0.0,false,==,0.0,1,0.0,,false,false,none,0.0,0.0,0.0,false,false,1,false,false,,
FI_electrolyzer,conversion,5.410958904,0.0,false,==,0.0,1,0.0,,false,false,none,0.0,0.0,0.0,false,false,1,false,false,,
FR_Battery,storage,24.461,73.383,false,==,0.0,1,0.0,,false,false,none,0.0,0.0,0.0,false,false,1,false,false,,
FR_E_Demand,consumer,0.0,0.0,false,==,0.0,1,0.0,,false,false,none,0.0,0.0,0.0,false,false,1,false,false,,
FR_E_ENS,producer,92.16,0.0,false,==,0.0,1,0.0,,false,false,none,0.0,0.0,0.0,false,false,1,false,false,,
FR_Gas,producer,10.839,0.0,false,==,0.0,1,0.0,,false,false,none,0.0,0.0,0.0,false,false,1,false,false,,
FR_H_Demand,consumer,0.0,0.0,false,==,0.0,1,0.0,,false,false,none,0.0,0.0,0.0,false,false,1,false,false,,
FR_Hydro,producer,23.447,0.0,false,==,0.0,1,0.0,,false,false,none,0.0,0.0,0.0,false,false,1,false,false,,
FR_Hydro_Reservoir,storage,8.785,10000.0,true,==,0.0,1,0.0,,false,false,none,0.0,0.0,0.0,false,false,1,false,false,,
FR_Nuclear,producer,50.139,0.0,false,==,0.0,1,0.0,,false,false,none,0.0,0.0,0.0,false,false,1,false,false,,
FR_OCGT,producer,0.0,0.0,false,==,0.0,1,0.0,,false,false,none,0.0,0.0,0.0,false,false,1,false,false,,
FR_Pump_Hydro_Closed,storage,1.95,10.0,true,==,0.0,1,0.0,,false,false,none,0.0,0.0,0.0,false,false,1,false,false,,
FR_Pump_Hydro_Open,storage,1.85,90.0,true,==,0.0,1,0.0,,false,false,none,0.0,0.0,0.0,false,false,1,false,false,,
FR_Solar,producer,193.594,0.0,false,==,0.0,1,0.0,,false,false,none,0.0,0.0,0.0,false,false,1,false,false,,
FR_Wind_Offshore,producer,43.57,0.0,false,==,0.0,1,0.0,,false,false,none,0.0,0.0,0.0,false,false,1,false,false,,
FR_Wind_Onshore,producer,80.0,0.0,false,==,0.0,1,0.0,,false,false,none,0.0,0.0,0.0,false,false,1,false,false,,
FR_electrolyzer,conversion,6.803652968,0.0,false,==,0.0,1,0.0,,false,false,none,0.0,0.0,0.0,false,false,1,false,false,,
GR_Battery,storage,33.048,99.144,false,==,0.0,1,0.0,,false,false,none,0.0,0.0,0.0,false,false,1,false,false,,
GR_E_Demand,consumer,0.0,0.0,false,==,0.0,1,0.0,,false,false,none,0.0,0.0,0.0,false,false,1,false,false,,
GR_E_ENS,producer,14.3310508,0.0,false,==,0.0,1,0.0,,false,false,none,0.0,0.0,0.0,false,false,1,false,false,,
GR_Gas,producer,5.037,0.0,false,==,0.0,1,0.0,,false,false,none,0.0,0.0,0.0,false,false,1,false,false,,
GR_H_Demand,consumer,0.0,0.0,false,==,0.0,1,0.0,,false,false,none,0.0,0.0,0.0,false,false,1,false,false,,
GR_Hydro,producer,3.522,0.0,false,==,0.0,1,0.0,,false,false,none,0.0,0.0,0.0,false,false,1,false,false,,
GR_Hydro_Reservoir,storage,2.744,3600.0,true,==,0.0,1,0.0,,false,false,none,0.0,0.0,0.0,false,false,1,false,false,,
GR_OCGT,producer,0.0,0.0,false,==,0.0,1,0.0,,false,false,none,0.0,0.0,0.0,false,false,1,false,false,,
GR_Pump_Hydro_Closed,storage,0.68,0.0,true,==,0.0,1,0.0,,false,false,none,0.0,0.0,0.0,false,false,1,false,false,,
GR_Pump_Hydro_Open,storage,0.699,4.5,true,==,0.0,1,0.0,,false,false,none,0.0,0.0,0.0,false,false,1,false,false,,
GR_Solar,producer,46.5,0.0,false,==,0.0,1,0.0,,false,false,none,0.0,0.0,0.0,false,false,1,false,false,,
GR_Wind_Offshore,producer,17.5,0.0,false,==,0.0,1,0.0,,false,false,none,0.0,0.0,0.0,false,false,1,false,false,,
GR_Wind_Onshore,producer,27.5,0.0,false,==,0.0,1,0.0,,false,false,none,0.0,0.0,0.0,false,false,1,false,false,,
GR_electrolyzer,conversion,6.575342466,0.0,false,==,0.0,1,0.0,,false,false,none,0.0,0.0,0.0,false,false,1,false,false,,
HR_Battery,storage,0.365,1.095,false,==,0.0,1,0.0,,false,false,none,0.0,0.0,0.0,false,false,1,false,false,,
HR_Coal,producer,0.0,0.0,false,==,0.0,1,0.0,,false,false,none,0.0,0.0,0.0,false,false,1,false,false,,
HR_E_Demand,consumer,0.0,0.0,false,==,0.0,1,0.0,,false,false,none,0.0,0.0,0.0,false,false,1,false,false,,
HR_E_ENS,producer,3.6952681,0.0,false,==,0.0,1,0.0,,false,false,none,0.0,0.0,0.0,false,false,1,false,false,,
HR_Gas,producer,0.0,0.0,false,==,0.0,1,0.0,,false,false,none,0.0,0.0,0.0,false,false,1,false,false,,
HR_H_Demand,consumer,0.0,0.0,false,==,0.0,1,0.0,,false,false,none,0.0,0.0,0.0,false,false,1,false,false,,
HR_Hydro,producer,2.011,0.0,false,==,0.0,1,0.0,,false,false,none,0.0,0.0,0.0,false,false,1,false,false,,
HR_Hydro_Reservoir,storage,1.941,2045.9,true,==,0.0,1,0.0,,false,false,none,0.0,0.0,0.0,false,false,1,false,false,,
HR_Pump_Hydro_Open,storage,0.281,18.3,true,==,0.0,1,0.0,,false,false,none,0.0,0.0,0.0,false,false,1,false,false,,
HR_Solar,producer,3.188,0.0,false,==,0.0,1,0.0,,false,false,none,0.0,0.0,0.0,false,false,1,false,false,,
HR_Wind_Offshore,producer,2.896,0.0,false,==,0.0,1,0.0,,false,false,none,0.0,0.0,0.0,false,false,1,false,false,,
HR_Wind_Onshore,producer,3.0,0.0,false,==,0.0,1,0.0,,false,false,none,0.0,0.0,0.0,false,false,1,false,false,,
HR_electrolyzer,conversion,0.924657534,0.0,false,==,0.0,1,0.0,,false,false,none,0.0,0.0,0.0,false,false,1,false,false,,
HU_Battery,storage,0.954,2.862,false,==,0.0,1,0.0,,false,false,none,0.0,0.0,0.0,false,false,1,false,false,,
HU_E_Demand,consumer,0.0,0.0,false,==,0.0,1,0.0,,false,false,none,0.0,0.0,0.0,false,false,1,false,false,,
HU_E_ENS,producer,12.1348298,0.0,false,==,0.0,1,0.0,,false,false,none,0.0,0.0,0.0,false,false,1,false,false,,
HU_Gas,producer,3.07,0.0,false,==,0.0,1,0.0,,false,false,none,0.0,0.0,0.0,false,false,1,false,false,,
HU_H_Demand,consumer,0.0,0.0,false,==,0.0,1,0.0,,false,false,none,0.0,0.0,0.0,false,false,1,false,false,,
HU_Hydro,producer,0.064,0.0,false,==,0.0,1,0.0,,false,false,none,0.0,0.0,0.0,false,false,1,false,false,,
HU_Nuclear,producer,2.36,0.0,false,==,0.0,1,0.0,,false,false,none,0.0,0.0,0.0,false,false,1,false,false,,
HU_OCGT,producer,0.154,0.0,false,==,0.0,1,0.0,,false,false,none,0.0,0.0,0.0,false,false,1,false,false,,
HU_Solar,producer,23.396,0.0,false,==,0.0,1,0.0,,false,false,none,0.0,0.0,0.0,false,false,1,false,false,,
HU_Wind_Onshore,producer,3.0,0.0,false,==,0.0,1,0.0,,false,false,none,0.0,0.0,0.0,false,false,1,false,false,,
HU_electrolyzer,conversion,4.212328767,0.0,false,==,0.0,1,0.0,,false,false,none,0.0,0.0,0.0,false,false,1,false,false,,
IE_Battery,storage,52.206,156.618,false,==,0.0,1,0.0,,false,false,none,0.0,0.0,0.0,false,false,1,false,false,,
IE_E_Demand,consumer,0.0,0.0,false,==,0.0,1,0.0,,false,false,none,0.0,0.0,0.0,false,false,1,false,false,,
IE_E_ENS,producer,10.172088,0.0,false,==,0.0,1,0.0,,false,false,none,0.0,0.0,0.0,false,false,1,false,false,,
IE_Gas,producer,7.933,0.0,false,==,0.0,1,0.0,,false,false,none,0.0,0.0,0.0,false,false,1,false,false,,
IE_H_Demand,consumer,0.0,0.0,false,==,0.0,1,0.0,,false,false,none,0.0,0.0,0.0,false,false,1,false,false,,
IE_Hydro,producer,0.215,0.0,false,==,0.0,1,0.0,,false,false,none,0.0,0.0,0.0,false,false,1,false,false,,
IE_OCGT,producer,0.116,0.0,false,==,0.0,1,0.0,,false,false,none,0.0,0.0,0.0,false,false,1,false,false,,
IE_Pump_Hydro_Closed,storage,0.292,1.7,true,==,0.0,1,0.0,,false,false,none,0.0,0.0,0.0,false,false,1,false,false,,
IE_Solar,producer,12.113,0.0,false,==,0.0,1,0.0,,false,false,none,0.0,0.0,0.0,false,false,1,false,false,,
IE_Wind_Offshore,producer,21.057,0.0,false,==,0.0,1,0.0,,false,false,none,0.0,0.0,0.0,false,false,1,false,false,,
IE_Wind_Onshore,producer,11.308,0.0,false,==,0.0,1,0.0,,false,false,none,0.0,0.0,0.0,false,false,1,false,false,,
IE_electrolyzer,conversion,2.705479452,0.0,false,==,0.0,1,0.0,,false,false,none,0.0,0.0,0.0,false,false,1,false,false,,
IT_Battery,storage,142.781,428.343,false,==,0.0,1,0.0,,false,false,none,0.0,0.0,0.0,false,false,1,false,false,,
IT_E_Demand,consumer,0.0,0.0,false,==,0.0,1,0.0,,false,false,none,0.0,0.0,0.0,false,false,1,false,false,,
IT_E_ENS,producer,71.1365182,0.0,false,==,0.0,1,0.0,,false,false,none,0.0,0.0,0.0,false,false,1,false,false,,
IT_Gas,producer,41.91,0.0,false,==,0.0,1,0.0,,false,false,none,0.0,0.0,0.0,false,false,1,false,false,,
IT_H_Demand,consumer,0.0,0.0,false,==,0.0,1,0.0,,false,false,none,0.0,0.0,0.0,false,false,1,false,false,,
IT_Hydro,producer,15.846,0.0,false,==,0.0,1,0.0,,false,false,none,0.0,0.0,0.0,false,false,1,false,false,,
IT_Hydro_Reservoir,storage,9.576,5567.85,true,==,0.0,1,0.0,,false,false,none,0.0,0.0,0.0,false,false,1,false,false,,
IT_OCGT,producer,4.32,0.0,false,==,0.0,1,0.0,,false,false,none,0.0,0.0,0.0,false,false,1,false,false,,
IT_Pump_Hydro_Closed,storage,6.2,63.0,true,==,0.0,1,0.0,,false,false,none,0.0,0.0,0.0,false,false,1,false,false,,
IT_Pump_Hydro_Open,storage,3.254,288.99,true,==,0.0,1,0.0,,false,false,none,0.0,0.0,0.0,false,false,1,false,false,,
IT_Solar,producer,236.134,0.0,false,==,0.0,1,0.0,,false,false,none,0.0,0.0,0.0,false,false,1,false,false,,
IT_Wind_Offshore,producer,18.5,0.0,false,==,0.0,1,0.0,,false,false,none,0.0,0.0,0.0,false,false,1,false,false,,
IT_Wind_Onshore,producer,38.21,0.0,false,==,0.0,1,0.0,,false,false,none,0.0,0.0,0.0,false,false,1,false,false,,
IT_electrolyzer,conversion,16.66666667,0.0,false,==,0.0,1,0.0,,false,false,none,0.0,0.0,0.0,false,false,1,false,false,,
LT_Battery,storage,3.658,10.974,false,==,0.0,1,0.0,,false,false,none,0.0,0.0,0.0,false,false,1,false,false,,
LT_E_Demand,consumer,0.0,0.0,false,==,0.0,1,0.0,,false,false,none,0.0,0.0,0.0,false,false,1,false,false,,
LT_E_ENS,producer,2.8506005,0.0,false,==,0.0,1,0.0,,false,false,none,0.0,0.0,0.0,false,false,1,false,false,,
LT_Gas,producer,0.293,0.0,false,==,0.0,1,0.0,,false,false,none,0.0,0.0,0.0,false,false,1,false,false,,
LT_H_Demand,consumer,0.0,0.0,false,==,0.0,1,0.0,,false,false,none,0.0,0.0,0.0,false,false,1,false,false,,
LT_Hydro,producer,0.126,0.0,false,==,0.0,1,0.0,,false,false,none,0.0,0.0,0.0,false,false,1,false,false,,
LT_Pump_Hydro_Closed,storage,0.93,10.6,true,==,0.0,1,0.0,,false,false,none,0.0,0.0,0.0,false,false,1,false,false,,
LT_Solar,producer,7.576,0.0,false,==,0.0,1,0.0,,false,false,none,0.0,0.0,0.0,false,false,1,false,false,,
LT_Wind_Offshore,producer,7.6,0.0,false,==,0.0,1,0.0,,false,false,none,0.0,0.0,0.0,false,false,1,false,false,,
LT_Wind_Onshore,producer,5.65,0.0,false,==,0.0,1,0.0,,false,false,none,0.0,0.0,0.0,false,false,1,false,false,,
LT_electrolyzer,conversion,2.066210046,0.0,false,==,0.0,1,0.0,,false,false,none,0.0,0.0,0.0,false,false,1,false,false,,
LU_E_Demand,consumer,0.0,0.0,false,==,0.0,1,0.0,,false,false,none,0.0,0.0,0.0,false,false,1,false,false,,
LU_E_ENS,producer,2.25117408,0.0,false,==,0.0,1,0.0,,false,false,none,0.0,0.0,0.0,false,false,1,false,false,,
LU_H_Demand,consumer,0.0,0.0,false,==,0.0,1,0.0,,false,false,none,0.0,0.0,0.0,false,false,1,false,false,,
LU_Hydro,producer,0.043,0.0,false,==,0.0,1,0.0,,false,false,none,0.0,0.0,0.0,false,false,1,false,false,,
LU_Pump_Hydro_Closed,storage,1.31,5.0,true,==,0.0,1,0.0,,false,false,none,0.0,0.0,0.0,false,false,1,false,false,,
LU_Solar,producer,2.19,0.0,false,==,0.0,1,0.0,,false,false,none,0.0,0.0,0.0,false,false,1,false,false,,
LU_Wind_Onshore,producer,0.6,0.0,false,==,0.0,1,0.0,,false,false,none,0.0,0.0,0.0,false,false,1,false,false,,
LU_electrolyzer,conversion,0.51369863,0.0,false,==,0.0,1,0.0,,false,false,none,0.0,0.0,0.0,false,false,1,false,false,,
LV_Battery,storage,0.149,0.447,false,==,0.0,1,0.0,,false,false,none,0.0,0.0,0.0,false,false,1,false,false,,
LV_E_Demand,consumer,0.0,0.0,false,==,0.0,1,0.0,,false,false,none,0.0,0.0,0.0,false,false,1,false,false,,
LV_E_ENS,producer,2.1129151,0.0,false,==,0.0,1,0.0,,false,false,none,0.0,0.0,0.0,false,false,1,false,false,,
LV_Gas,producer,0.073,0.0,false,==,0.0,1,0.0,,false,false,none,0.0,0.0,0.0,false,false,1,false,false,,
LV_H_Demand,consumer,0.0,0.0,false,==,0.0,1,0.0,,false,false,none,0.0,0.0,0.0,false,false,1,false,false,,
LV_Hydro,producer,0.0,0.0,false,==,0.0,1,0.0,,false,false,none,0.0,0.0,0.0,false,false,1,false,false,,
LV_Solar,producer,0.605,0.0,false,==,0.0,1,0.0,,false,false,none,0.0,0.0,0.0,false,false,1,false,false,,
LV_Wind_Offshore,producer,7.5,0.0,false,==,0.0,1,0.0,,false,false,none,0.0,0.0,0.0,false,false,1,false,false,,
LV_Wind_Onshore,producer,0.352,0.0,false,==,0.0,1,0.0,,false,false,none,0.0,0.0,0.0,false,false,1,false,false,,
LV_electrolyzer,conversion,0.308219178,0.0,false,==,0.0,1,0.0,,false,false,none,0.0,0.0,0.0,false,false,1,false,false,,
MT_E_Demand,consumer,0.0,0.0,false,==,0.0,1,0.0,,false,false,none,0.0,0.0,0.0,false,false,1,false,false,,
MT_E_ENS,producer,0.6236784,0.0,false,==,0.0,1,0.0,,false,false,none,0.0,0.0,0.0,false,false,1,false,false,,
MT_Gas,producer,0.45,0.0,false,==,0.0,1,0.0,,false,false,none,0.0,0.0,0.0,false,false,1,false,false,,
MT_H_Demand,consumer,0.0,0.0,false,==,0.0,1,0.0,,false,false,none,0.0,0.0,0.0,false,false,1,false,false,,
MT_Solar,producer,0.374,0.0,false,==,0.0,1,0.0,,false,false,none,0.0,0.0,0.0,false,false,1,false,false,,
MT_electrolyzer,conversion,0.068493151,0.0,false,==,0.0,1,0.0,,false,false,none,0.0,0.0,0.0,false,false,1,false,false,,
NL_Battery,storage,52.294,156.882,false,==,0.0,1,0.0,,false,false,none,0.0,0.0,0.0,false,false,1,false,false,,
NL_E_Demand,consumer,0.0,0.0,false,==,0.0,1,0.0,,false,false,none,0.0,0.0,0.0,false,false,1,false,false,,
NL_E_ENS,producer,33.7758785,0.0,false,==,0.0,1,0.0,,false,false,none,0.0,0.0,0.0,false,false,1,false,false,,
NL_Gas,producer,15.25,0.0,false,==,0.0,1,0.0,,false,false,none,0.0,0.0,0.0,false,false,1,false,false,,
NL_H_Demand,consumer,0.0,0.0,false,==,0.0,1,0.0,,false,false,none,0.0,0.0,0.0,false,false,1,false,false,,
NL_OCGT,producer,0.0,0.0,false,==,0.0,1,0.0,,false,false,none,0.0,0.0,0.0,false,false,1,false,false,,
NL_Solar,producer,99.984,0.0,false,==,0.0,1,0.0,,false,false,none,0.0,0.0,0.0,false,false,1,false,false,,
NL_Wind_Offshore,producer,49.653,0.0,false,==,0.0,1,0.0,,false,false,none,0.0,0.0,0.0,false,false,1,false,false,,
NL_Wind_Onshore,producer,20.0,0.0,false,==,0.0,1,0.0,,false,false,none,0.0,0.0,0.0,false,false,1,false,false,,
NL_electrolyzer,conversion,16.00456621,0.0,false,==,0.0,1,0.0,,false,false,none,0.0,0.0,0.0,false,false,1,false,false,,
NO_E_Demand,consumer,0.0,0.0,false,==,0.0,1,0.0,,false,false,none,0.0,0.0,0.0,false,false,1,false,false,,
NO_E_ENS,producer,30.10965055,0.0,false,==,0.0,1,0.0,,false,false,none,0.0,0.0,0.0,false,false,1,false,false,,
NO_H_Demand,consumer,0.0,0.0,false,==,0.0,1,0.0,,false,false,none,0.0,0.0,0.0,false,false,1,false,false,,
NO_Hydro_Reservoir,storage,30.728,89577.4,true,==,0.0,1,0.0,,false,false,none,0.0,0.0,0.0,false,false,1,false,false,,
NO_Pump_Hydro_Open,storage,0.76,4.56,true,==,0.0,1,0.0,,false,false,none,0.0,0.0,0.0,false,false,1,false,false,,
NO_Solar,producer,11.94,0.0,false,==,0.0,1,0.0,,false,false,none,0.0,0.0,0.0,false,false,1,false,false,,
NO_Wind_Offshore,producer,9.947,0.0,false,==,0.0,1,0.0,,false,false,none,0.0,0.0,0.0,false,false,1,false,false,,
NO_Wind_Onshore,producer,6.924,0.0,false,==,0.0,1,0.0,,false,false,none,0.0,0.0,0.0,false,false,1,false,false,,
NO_electrolyzer,conversion,9.032895165,0.0,false,==,0.0,1,0.0,,false,false,none,0.0,0.0,0.0,false,false,1,false,false,,
OBZLL_E_Demand,consumer,0.0,0.0,false,==,0.0,1,0.0,,false,false,none,0.0,0.0,0.0,false,false,1,false,false,,
OBZLL_H_Demand,consumer,0.0,0.0,false,==,0.0,1,0.0,,false,false,none,0.0,0.0,0.0,false,false,1,false,false,,
OBZLL_Wind_Offshore,producer,2.0,0.0,false,==,0.0,1,0.0,,false,false,none,0.0,0.0,0.0,false,false,1,false,false,,
OBZLL_electrolyzer,conversion,0.0,0.0,false,==,0.0,1,0.0,,false,false,none,0.0,0.0,0.0,false,false,1,false,false,,
PL_Coal,producer,2.496,0.0,false,==,0.0,1,0.0,,false,false,none,0.0,0.0,0.0,false,false,1,false,false,,
PL_E_Demand,consumer,0.0,0.0,false,==,0.0,1,0.0,,false,false,none,0.0,0.0,0.0,false,false,1,false,false,,
PL_E_ENS,producer,33.64676534,0.0,false,==,0.0,1,0.0,,false,false,none,0.0,0.0,0.0,false,false,1,false,false,,
PL_Gas,producer,8.223,0.0,false,==,0.0,1,0.0,,false,false,none,0.0,0.0,0.0,false,false,1,false,false,,
PL_H_Demand,consumer,0.0,0.0,false,==,0.0,1,0.0,,false,false,none,0.0,0.0,0.0,false,false,1,false,false,,
PL_Hydro,producer,0.794,0.0,false,==,0.0,1,0.0,,false,false,none,0.0,0.0,0.0,false,false,1,false,false,,
PL_Hydro_Reservoir,storage,0.272,0.8,true,==,0.0,1,0.0,,false,false,none,0.0,0.0,0.0,false,false,1,false,false,,
PL_Pump_Hydro_Closed,storage,1.323,6.3,true,==,0.0,1,0.0,,false,false,none,0.0,0.0,0.0,false,false,1,false,false,,
PL_Pump_Hydro_Open,storage,0.216,1.5,true,==,0.0,1,0.0,,false,false,none,0.0,0.0,0.0,false,false,1,false,false,,
PL_Solar,producer,54.303,0.0,false,==,0.0,1,0.0,,false,false,none,0.0,0.0,0.0,false,false,1,false,false,,
PL_Wind_Offshore,producer,10.9,0.0,false,==,0.0,1,0.0,,false,false,none,0.0,0.0,0.0,false,false,1,false,false,,
PL_Wind_Onshore,producer,62.0,0.0,false,==,0.0,1,0.0,,false,false,none,0.0,0.0,0.0,false,false,1,false,false,,
PL_electrolyzer,conversion,14.94292237,0.0,false,==,0.0,1,0.0,,false,false,none,0.0,0.0,0.0,false,false,1,false,false,,
PT_Battery,storage,3.294,9.882,false,==,0.0,1,0.0,,false,false,none,0.0,0.0,0.0,false,false,1,false,false,,
PT_E_Demand,consumer,0.0,0.0,false,==,0.0,1,0.0,,false,false,none,0.0,0.0,0.0,false,false,1,false,false,,
PT_E_ENS,producer,18.91067469,0.0,false,==,0.0,1,0.0,,false,false,none,0.0,0.0,0.0,false,false,1,false,false,,
PT_Gas,producer,0.0,0.0,false,==,0.0,1,0.0,,false,false,none,0.0,0.0,0.0,false,false,1,false,false,,
PT_H_Demand,consumer,0.0,0.0,false,==,0.0,1,0.0,,false,false,none,0.0,0.0,0.0,false,false,1,false,false,,
PT_Hydro,producer,4.271,0.0,false,==,0.0,1,0.0,,false,false,none,0.0,0.0,0.0,false,false,1,false,false,,
PT_Hydro_Reservoir,storage,3.766,1289.6,true,==,0.0,1,0.0,,false,false,none,0.0,0.0,0.0,false,false,1,false,false,,
PT_Pump_Hydro_Open,storage,3.832,2017.9,true,==,0.0,1,0.0,,false,false,none,0.0,0.0,0.0,false,false,1,false,false,,
PT_Solar,producer,29.0,0.0,false,==,0.0,1,0.0,,false,false,none,0.0,0.0,0.0,false,false,1,false,false,,
PT_Wind_Offshore,producer,9.978,0.0,false,==,0.0,1,0.0,,false,false,none,0.0,0.0,0.0,false,false,1,false,false,,
PT_Wind_Onshore,producer,13.0,0.0,false,==,0.0,1,0.0,,false,false,none,0.0,0.0,0.0,false,false,1,false,false,,
PT_electrolyzer,conversion,3.515981735,0.0,false,==,0.0,1,0.0,,false,false,none,0.0,0.0,0.0,false,false,1,false,false,,
RO_Battery,storage,1.346,4.038,false,==,0.0,1,0.0,,false,false,none,0.0,0.0,0.0,false,false,1,false,false,,
RO_Coal,producer,0.0,0.0,false,==,0.0,1,0.0,,false,false,none,0.0,0.0,0.0,false,false,1,false,false,,
RO_E_Demand,consumer,0.0,0.0,false,==,0.0,1,0.0,,false,false,none,0.0,0.0,0.0,false,false,1,false,false,,
RO_E_ENS,producer,14.2691448,0.0,false,==,0.0,1,0.0,,false,false,none,0.0,0.0,0.0,false,false,1,false,false,,
RO_Gas,producer,5.84,0.0,false,==,0.0,1,0.0,,false,false,none,0.0,0.0,0.0,false,false,1,false,false,,
RO_H_Demand,consumer,0.0,0.0,false,==,0.0,1,0.0,,false,false,none,0.0,0.0,0.0,false,false,1,false,false,,
RO_Hydro,producer,5.958,0.0,false,==,0.0,1,0.0,,false,false,none,0.0,0.0,0.0,false,false,1,false,false,,
RO_Hydro_Reservoir,storage,2.579,2425.3,true,==,0.0,1,0.0,,false,false,none,0.0,0.0,0.0,false,false,1,false,false,,
RO_Nuclear,producer,3.087,0.0,false,==,0.0,1,0.0,,false,false,none,0.0,0.0,0.0,false,false,1,false,false,,
RO_OCGT,producer,0.167,0.0,false,==,0.0,1,0.0,,false,false,none,0.0,0.0,0.0,false,false,1,false,false,,
RO_Pump_Hydro_Open,storage,0.839,1506.4,true,==,0.0,1,0.0,,false,false,none,0.0,0.0,0.0,false,false,1,false,false,,
RO_Solar,producer,34.194,0.0,false,==,0.0,1,0.0,,false,false,none,0.0,0.0,0.0,false,false,1,false,false,,
RO_Wind_Offshore,producer,1.0,0.0,false,==,0.0,1,0.0,,false,false,none,0.0,0.0,0.0,false,false,1,false,false,,
RO_Wind_Onshore,producer,9.0,0.0,false,==,0.0,1,0.0,,false,false,none,0.0,0.0,0.0,false,false,1,false,false,,
RO_electrolyzer,conversion,4.897260274,0.0,false,==,0.0,1,0.0,,false,false,none,0.0,0.0,0.0,false,false,1,false,false,,
SE_Battery,storage,0.543,1.629,false,==,0.0,1,0.0,,false,false,none,0.0,0.0,0.0,false,false,1,false,false,,
SE_E_Demand,consumer,0.0,0.0,false,==,0.0,1,0.0,,false,false,none,0.0,0.0,0.0,false,false,1,false,false,,
SE_E_ENS,producer,30.5003913,0.0,false,==,0.0,1,0.0,,false,false,none,0.0,0.0,0.0,false,false,1,false,false,,
SE_Gas,producer,0.0,0.0,false,==,0.0,1,0.0,,false,false,none,0.0,0.0,0.0,false,false,1,false,false,,
SE_H_Demand,consumer,0.0,0.0,false,==,0.0,1,0.0,,false,false,none,0.0,0.0,0.0,false,false,1,false,false,,
SE_Hydro_Reservoir,storage,16.447,31931.326,true,==,0.0,1,0.0,,false,false,none,0.0,0.0,0.0,false,false,1,false,false,,
SE_Nuclear,producer,11.6,0.0,false,==,0.0,1,0.0,,false,false,none,0.0,0.0,0.0,false,false,1,false,false,,
SE_OCGT,producer,0.097,0.0,false,==,0.0,1,0.0,,false,false,none,0.0,0.0,0.0,false,false,1,false,false,,
SE_Solar,producer,46.5,0.0,false,==,0.0,1,0.0,,false,false,none,0.0,0.0,0.0,false,false,1,false,false,,
SE_Wind_Offshore,producer,14.6,0.0,false,==,0.0,1,0.0,,false,false,none,0.0,0.0,0.0,false,false,1,false,false,,
SE_Wind_Onshore,producer,49.1,0.0,false,==,0.0,1,0.0,,false,false,none,0.0,0.0,0.0,false,false,1,false,false,,
SE_electrolyzer,conversion,8.664383562,0.0,false,==,0.0,1,0.0,,false,false,none,0.0,0.0,0.0,false,false,1,false,false,,
SI_Battery,storage,0.065,0.195,false,==,0.0,1,0.0,,false,false,none,0.0,0.0,0.0,false,false,1,false,false,,
SI_Coal,producer,0.575,0.0,false,==,0.0,1,0.0,,false,false,none,0.0,0.0,0.0,false,false,1,false,false,,
SI_E_Demand,consumer,0.0,0.0,false,==,0.0,1,0.0,,false,false,none,0.0,0.0,0.0,false,false,1,false,false,,
SI_E_ENS,producer,3.1439856,0.0,false,==,0.0,1,0.0,,false,false,none,0.0,0.0,0.0,false,false,1,false,false,,
SI_Gas,producer,2.282,0.0,false,==,0.0,1,0.0,,false,false,none,0.0,0.0,0.0,false,false,1,false,false,,
SI_H_Demand,consumer,0.0,0.0,false,==,0.0,1,0.0,,false,false,none,0.0,0.0,0.0,false,false,1,false,false,,
SI_Hydro,producer,0.312,0.0,false,==,0.0,1,0.0,,false,false,none,0.0,0.0,0.0,false,false,1,false,false,,
SI_Nuclear,producer,1.1,0.0,false,==,0.0,1,0.0,,false,false,none,0.0,0.0,0.0,false,false,1,false,false,,
SI_OCGT,producer,1.126,0.0,false,==,0.0,1,0.0,,false,false,none,0.0,0.0,0.0,false,false,1,false,false,,
SI_Pump_Hydro_Closed,storage,0.18,2.6,true,==,0.0,1,0.0,,false,false,none,0.0,0.0,0.0,false,false,1,false,false,,
SI_Solar,producer,35.948,0.0,false,==,0.0,1,0.0,,false,false,none,0.0,0.0,0.0,false,false,1,false,false,,
SI_Wind_Offshore,producer,3.2,0.0,false,==,0.0,1,0.0,,false,false,none,0.0,0.0,0.0,false,false,1,false,false,,
SI_Wind_Onshore,producer,7.554,0.0,false,==,0.0,1,0.0,,false,false,none,0.0,0.0,0.0,false,false,1,false,false,,
SI_electrolyzer,conversion,0.650684932,0.0,false,==,0.0,1,0.0,,false,false,none,0.0,0.0,0.0,false,false,1,false,false,,
SK_Battery,storage,2.462,7.386,false,==,0.0,1,0.0,,false,false,none,0.0,0.0,0.0,false,false,1,false,false,,
SK_Coal,producer,0.251,0.0,false,==,0.0,1,0.0,,false,false,none,0.0,0.0,0.0,false,false,1,false,false,,
SK_E_Demand,consumer,0.0,0.0,false,==,0.0,1,0.0,,false,false,none,0.0,0.0,0.0,false,false,1,false,false,,
SK_E_ENS,producer,6.3584868,0.0,false,==,0.0,1,0.0,,false,false,none,0.0,0.0,0.0,false,false,1,false,false,,
SK_Gas,producer,1.341,0.0,false,==,0.0,1,0.0,,false,false,none,0.0,0.0,0.0,false,false,1,false,false,,
SK_H_Demand,consumer,0.0,0.0,false,==,0.0,1,0.0,,false,false,none,0.0,0.0,0.0,false,false,1,false,false,,
SK_Hydro,producer,1.446,0.0,false,==,0.0,1,0.0,,false,false,none,0.0,0.0,0.0,false,false,1,false,false,,
SK_Hydro_Reservoir,storage,0.021,17.242,true,==,0.0,1,0.0,,false,false,none,0.0,0.0,0.0,false,false,1,false,false,,
SK_Nuclear,producer,3.096,0.0,false,==,0.0,1,0.0,,false,false,none,0.0,0.0,0.0,false,false,1,false,false,,
SK_Pump_Hydro_Closed,storage,0.65,4.1,true,==,0.0,1,0.0,,false,false,none,0.0,0.0,0.0,false,false,1,false,false,,
SK_Pump_Hydro_Open,storage,0.276,45.55,true,==,0.0,1,0.0,,false,false,none,0.0,0.0,0.0,false,false,1,false,false,,
SK_Solar,producer,5.0,0.0,false,==,0.0,1,0.0,,false,false,none,0.0,0.0,0.0,false,false,1,false,false,,
SK_Wind_Onshore,producer,2.0,0.0,false,==,0.0,1,0.0,,false,false,none,0.0,0.0,0.0,false,false,1,false,false,,
SK_electrolyzer,conversion,2.716894977,0.0,false,==,0.0,1,0.0,,false,false,none,0.0,0.0,0.0,false,false,1,false,false,,
UK_Battery,storage,12.932,38.796,false,==,0.0,1,0.0,,false,false,none,0.0,0.0,0.0,false,false,1,false,false,,
UK_E_Demand,consumer,0.0,0.0,false,==,0.0,1,0.0,,false,false,none,0.0,0.0,0.0,false,false,1,false,false,,
UK_E_ENS,producer,118.6302474,0.0,false,==,0.0,1,0.0,,false,false,none,0.0,0.0,0.0,false,false,1,false,false,,
UK_Gas,producer,9.505,0.0,false,==,0.0,1,0.0,,false,false,none,0.0,0.0,0.0,false,false,1,false,false,,
UK_H_Demand,consumer,0.0,0.0,false,==,0.0,1,0.0,,false,false,none,0.0,0.0,0.0,false,false,1,false,false,,
UK_Hydro,producer,2.513,0.0,false,==,0.0,1,0.0,,false,false,none,0.0,0.0,0.0,false,false,1,false,false,,
UK_Nuclear,producer,16.0,0.0,false,==,0.0,1,0.0,,false,false,none,0.0,0.0,0.0,false,false,1,false,false,,
UK_OCGT,producer,1.243,0.0,false,==,0.0,1,0.0,,false,false,none,0.0,0.0,0.0,false,false,1,false,false,,
UK_Pump_Hydro_Closed,storage,2.744,26.4,true,==,0.0,1,0.0,,false,false,none,0.0,0.0,0.0,false,false,1,false,false,,
UK_Solar,producer,63.715,0.0,false,==,0.0,1,0.0,,false,false,none,0.0,0.0,0.0,false,false,1,false,false,,
UK_Wind_Offshore,producer,110.458,0.0,false,==,0.0,1,0.0,,false,false,none,0.0,0.0,0.0,false,false,1,false,false,,
UK_Wind_Onshore,producer,53.918,0.0,false,==,0.0,1,0.0,,false,false,none,0.0,0.0,0.0,false,false,1,false,false,,
UK_electrolyzer,conversion,35.58907422,0.0,false,==,0.0,1,0.0,,false,false,none,0.0,0.0,0.0,false,false,1,false,false,,
